{
  "users": [
    {
      "id": 1,
      "firstName": "John",
      "lastName": "Smith",
      "username": "john.smith",
      "password": "pass123",
      "isActive": true
    },
    {
      "id": 2,
      "firstName": "Anna",
      "lastName": "Brown",
      "username": "anna.brown",
      "password": "pass123",
      "isActive": true
    }
  ],
  "trainees": [
    {
      "id": 1,
      "userId": 1,
      "dateOfBirth": "1990-01-01",
      "address": "Some Street 1"
    }
  ],
  "trainers": [
    {
      "id": 1,
      "userId": 2,
      "specialization": "fitness"
    }
  ],
  "trainings": [
    {
      "id": 1,
      "traineeId": 1,
      "trainerId": 1,
      "trainingName": "Morning Cardio",
      "trainingType": "fitness",
      "trainingDate": "2025-08-01",
      "trainingDuration": 60
    }
  ]
}
